Workbook

Sheet Sheet1
B1: Inf | F1: Cav | J1: Arch
B2: att | C2: def | D2: leth | E2: health | F2: att | G2: def | H2: leth | I2: health | J2: att | K2: def | L2: leth | M2: health
A3: Sa | B3: =9500%/100 -> 0.95 | C3: 0.93 | D3: 0.95 | E3: 0.93 | F3: 0.1 | G3: 0.1 | H3: 0.1 | I3: 0.1 | J3: 0.1 | K3: 0.1 | L3: 0.1 | M3: 0.1
B5: Input
B7: Inf
B8: 1 | C8: 2 | D8: 3 | E8: 4 | F8: 5 | G8: 6 | H8: 7 | I8: 8 | J8: 9 | K8: 10 | L8: 11 | M8: 12 | N8: 13 | O8: 14 | P8: 15
A9: count | B9: 1000 | C9: 1000
A10: tier | B10: 1 | C10: 2
A11: TG | B11: 1 | C11: 2
A12: identifier | B12: 1 | C12: 1
A14: count | B14: =COUNT(B9:P9) -> 2 | R14: total
A15: att_factor | B15: =VLOOKUP(B10,Formula!$B$3:$D$14,2,FALSE)*(1+$B$3)*(1+$D$3)*VLOOKUP(B11,Formula!$N$3:$O$12,2,FALSE) -> 274.05378 | C15: =VLOOKUP(C10,Formula!$B$3:$D$14,2,FALSE)*(1+$B$3)*(1+$D$3)*VLOOKUP(C11,Formula!$N$3:$O$12,2,FALSE) -> 429.9943 | R15: =SUMPRODUCT($B$9:$P$9,B15:P15) -> 704048.08 | T15: =VLOOKUP(B10,Formula!$B$3:$D$14,2,FALSE) -> 63 | U15: =1+$B$3 -> 1.95 | V15: =1+$D$3 -> 1.95 | X15: =PRODUCT(T15:V15) -> 239.5575
A16: def_factor | B16: =VLOOKUP(B10,Formula!$B$3:$D$14,3,FALSE)*(1+$C$3)*(1+$E$3)*VLOOKUP(B11,Formula!$N$3:$O$12,2,FALSE) -> 805.38298 | C16: =VLOOKUP(C10,Formula!$B$3:$D$14,3,FALSE)*(1+$C$3)*(1+$E$3)*VLOOKUP(C11,Formula!$N$3:$O$12,2,FALSE) -> 1268.1385 | R16: =SUMPRODUCT($B$9:$P$9,B16:P16) -> 2073521.5
A18: weight | B18: =B15*B$9/$R$15 -> 0.38925435 | C18: =C15*C$9/$R$15 -> 0.61074565 | R18: =SUM(B18:P18) -> 1
A19: wt att | B19: =B15^(B$18) -> 8.8907457 | C19: =C15^(C$18) -> 40.585966 | R19: =PRODUCT(B19:Q19) -> 360.83951
A20: wt def | B20: =B16^(B$18) -> 13.526147 | C20: =C16^(C$18) -> 78.567973 | R20: =PRODUCT(B20:Q20) -> 1062.7219
B22: Cav
B23: 1 | C23: 2 | D23: 3 | E23: 4 | F23: 5 | G23: 6 | H23: 7 | I23: 8 | J23: 9 | K23: 10 | L23: 11 | M23: 12 | N23: 13 | O23: 14 | P23: 15
A24: count | B24: 1000 | C24: 1000
A25: tier | B25: 3 | C25: 4
A26: TG | B26: 3 | C26: 4
A27: identifier | B27: 5 | C27: 5
A29: count | B29: =COUNT(B24:P24) -> 2 | R29: total
A30: att_factor | B30: =VLOOKUP(B25,Formula!$F$3:$H$14,2,FALSE)*(1+$F$3)*(1+$H$3)*VLOOKUP(B26,Formula!$N$3:$O$12,2,FALSE) -> 606.70731 | C30: =VLOOKUP(C25,Formula!$F$3:$H$14,2,FALSE)*(1+$F$3)*(1+$H$3)*VLOOKUP(C26,Formula!$N$3:$O$12,2,FALSE) -> 827.90136 | R30: =SUMPRODUCT($B$24:$P$24,B30:P30) -> 1434608.7 | T30: =VLOOKUP(B25,Formula!$F$3:$H$14,2,FALSE) -> 397 | U30: =1+$F$3 -> 1.1 | V30: =1+$H$3 -> 1.1 | X30: =PRODUCT(T30:V30) -> 480.37
A31: def_factor | B31: =VLOOKUP(B25,Formula!$F$3:$H$14,3,FALSE)*(1+$G$3)*(1+$I$3)*VLOOKUP(B11,Formula!$N$3:$O$12,2,FALSE) -> 182.71968 | C31: =VLOOKUP(C25,Formula!$F$3:$H$14,3,FALSE)*(1+$G$3)*(1+$I$3)*VLOOKUP(C11,Formula!$N$3:$O$12,2,FALSE) -> 250.36836 | R31: =SUMPRODUCT($B$24:$P$24,B31:P31) -> 433088.04
A33: weight | B33: =B30*B$24/$R$30 -> 0.42290788 | C33: =C30*C$24/$R$30 -> 0.57709212 | R33: =SUM(B33:P33) -> 1
A34: wt att | B34: =B30^(B$33) -> 15.029476 | C34: =C30^(C$33) -> 48.29948 | R34: =PRODUCT(B34:Q34) -> 725.91588
A35: wt def | B35: =B31^(B$33) -> 9.0474634 | C35: =C31^(C$33) -> 24.221515 | R35: =PRODUCT(B35:Q35) -> 219.14327
B37: Arch
A39: count | B39: 1000 | C39: 1000
A40: tier | B40: 5 | C40: 6
A41: TG | B41: 5 | C41: 5
A42: identifier | B42: 9 | C42: 9
A44: count | B44: =COUNT(B39:P39) -> 2 | R44: total
A45: att_factor | B45: =VLOOKUP(B40,Formula!$J$3:$L$14,2,FALSE)*(1+$J$3)*(1+$L$3)*VLOOKUP(B41,Formula!$N$3:$O$12,2,FALSE) -> 1391.5605 | C45: =VLOOKUP(C40,Formula!$J$3:$L$14,2,FALSE)*(1+$J$3)*(1+$L$3)*VLOOKUP(C41,Formula!$N$3:$O$12,2,FALSE) -> 1642.8848 | R45: =SUMPRODUCT($B$24:$P$24,B45:P45) -> 3034445.3 | T45: =VLOOKUP(B40,Formula!$J$3:$L$14,2,FALSE) -> 825 | U45: =1+$F$3 -> 1.1 | V45: =1+$H$3 -> 1.1 | X45: =PRODUCT(T45:V45) -> 998.25
A46: def_factor | B46: =VLOOKUP(B40,Formula!$J$3:$L$14,3,FALSE)*(1+$K$3)*(1+$M$3)*VLOOKUP(B41,Formula!$N$3:$O$12,2,FALSE) -> 261.4447 | C46: =VLOOKUP(C40,Formula!$J$3:$L$14,3,FALSE)*(1+$K$3)*(1+$M$3)*VLOOKUP(C41,Formula!$N$3:$O$12,2,FALSE) -> 308.67342 | R46: =SUMPRODUCT($B$24:$P$24,B46:P46) -> 570118.12
A48: weight | B48: =B45*B$39/$R$45 -> 0.4585881 | C48: =C45*C$39/$R$45 -> 0.5414119 | R48: =SUM(B48:P48) -> 1
A49: wt att | B49: =B45^(B$48) -> 27.642204 | C49: =C45^(C$48) -> 55.076703 | R49: =PRODUCT(B49:Q49) -> 1522.4415
A50: wt def | B50: =B46^(B$48) -> 12.840491 | C50: =C46^(C$48) -> 22.276374 | R50: =PRODUCT(B50:Q50) -> 286.03958

Sheet Formula
C2: Inf | G2: Cav | K2: Arch | N2: Only for T10
B3: tier | C3: attack | D3: def | F3: tier | G3: attack | H3: def | J3: tier | K3: attack | L3: def | N3: TG level
B4: 1 | C4: 63 | D4: 189 | F4: 1 | G4: =D4 -> 189 | H4: =C4 -> 63 | J4: 1 | K4: =C4*4 -> 252 | L4: 47 | N4: 0 | O4: 1
B5: 2 | C5: 94 | D5: 283 | F5: 2 | G5: =D5 -> 283 | H5: =C5 -> 94 | J5: 2 | K5: 378 | L5: 71 | N5: 1 | O5: 1.144
B6: 3 | C6: 132 | D6: 397 | F6: 3 | G6: =D6 -> 397 | H6: =C6 -> 132 | J6: 3 | K6: 529 | L6: =C6*3/4 -> 99 | N6: 2 | O6: 1.203
B7: 4 | C7: 172 | D7: 516 | F7: 4 | G7: =D7 -> 516 | H7: =C7 -> 172 | J7: 4 | K7: =C7*4 -> 688 | L7: =C7*3/4 -> 129 | N7: 3 | O7: 1.263
B8: 5 | C8: 206 | D8: 619 | F8: 5 | G8: =D8 -> 619 | H8: =C8 -> 206 | J8: 5 | K8: 825 | L8: 155 | N8: 4 | O8: 1.326
B9: 6 | C9: 243 | D9: 730 | F9: 6 | G9: =D9 -> 730 | H9: =C9 -> 243 | J9: 6 | K9: 974 | L9: 183 | N9: 5 | O9: 1.394
B10: 7 | C10: 287 | D10: 862 | F10: 7 | G10: =D10 -> 862 | H10: =C10 -> 287 | J10: 7 | K10: 1149 | L10: 215 | N10: 6
B11: 8 | C11: 339 | D11: 1017 | F11: 8 | G11: =D11 -> 1017 | H11: =C11 -> 339 | J11: 8 | K11: =C11*4 -> 1356 | L11: 254 | N11: 7
B12: 9 | C12: 400 | D12: 1200 | F12: 9 | G12: =D12 -> 1200 | H12: =C12 -> 400 | J12: 9 | K12: =C12*4 -> 1600 | L12: =C12*3/4 -> 300 | N12: 8
B13: 10 | C13: 472 | D13: 1416 | F13: 10 | G13: =D13 -> 1416 | H13: =C13 -> 472 | J13: 10 | K13: =C13*4 -> 1888 | L13: =C13*3/4 -> 354
B14: 11 | C14: 658 | D14: 1973 | F14: 11 | G14: =D14 -> 1973 | H14: =C14 -> 658 | J14: 11 | K14: =C14*4 -> 2632 | L14: 494
